time,Open,High,Low,Close,Volume
2021-08-02 10:44:00-04:00,2692.98,2692.98,2692.98,2692.98,173
2021-08-02 10:46:00-04:00,2691.11,2691.11,2691.1,2691.1,290
2021-08-02 10:47:00-04:00,2691.55,2691.55,2691.55,2691.55,100
2021-08-02 10:50:00-04:00,2691.8,2691.8,2691.77,2691.77,336
2021-08-02 10:57:00-04:00,2692.37,2692.37,2692.3,2692.3,436
2021-08-02 10:59:00-04:00,2692.46,2692.46,2692.46,2692.46,167
2021-08-02 11:05:00-04:00,2697.06,2697.06,2697.06,2697.06,202
2021-08-02 11:06:00-04:00,2696.165,2696.165,2696.165,2696.165,136
2021-08-02 11:08:00-04:00,2698.72,2698.72,2698.62,2698.62,396
2021-08-02 11:11:00-04:00,2699.94,2699.94,2699.94,2699.94,135
2021-08-02 11:13:00-04:00,2697.44,2697.44,2697.44,2697.44,100
2021-08-02 11:23:00-04:00,2699.3,2699.3,2699.3,2699.3,101
2021-08-02 11:28:00-04:00,2699.63,2699.63,2699.63,2699.63,143
2021-08-02 11:31:00-04:00,2702.595,2702.595,2702.595,2702.595,228
2021-08-02 11:36:00-04:00,2700.965,2700.965,2700.73,2700.94,600
2021-08-02 11:37:00-04:00,2701.11,2701.11,2701.11,2701.11,136
2021-08-02 11:39:00-04:00,2701.73,2701.73,2701.73,2701.73,113
2021-08-02 11:50:00-04:00,2699.97,2699.97,2699.88,2699.88,497
2021-08-02 11:58:00-04:00,2695.115,2695.115,2693.0,2693.0,319
2021-08-02 12:03:00-04:00,2689.18,2689.37,2689.18,2689.37,287
2021-08-02 12:07:00-04:00,2689.06,2689.06,2689.06,2689.06,100
2021-08-02 12:14:00-04:00,2692.015,2692.015,2692.015,2692.015,111
2021-08-02 12:19:00-04:00,2693.9,2693.9,2693.9,2693.9,121
2021-08-02 12:20:00-04:00,2692.405,2692.405,2692.405,2692.405,104
2021-08-02 12:27:00-04:00,2690.52,2690.52,2690.52,2690.52,150
2021-08-02 12:32:00-04:00,2694.91,2694.91,2694.32,2694.32,393
2021-08-02 12:35:00-04:00,2693.415,2693.415,2693.415,2693.415,101
2021-08-02 12:37:00-04:00,2694.335,2694.335,2694.325,2694.325,201
2021-08-02 12:38:00-04:00,2694.84,2695.985,2694.84,2695.985,261
2021-08-02 12:39:00-04:00,2695.85,2695.85,2695.85,2695.85,112
2021-08-02 12:40:00-04:00,2694.58,2694.58,2694.58,2694.58,100
2021-08-02 12:45:00-04:00,2694.27,2694.89,2694.27,2694.89,468
2021-08-02 12:54:00-04:00,2695.51,2695.51,2695.51,2695.51,103
2021-08-02 12:56:00-04:00,2692.625,2692.625,2692.625,2692.625,226
2021-08-02 12:57:00-04:00,2692.345,2692.345,2692.345,2692.345,205
2021-08-02 12:58:00-04:00,2693.9,2693.9,2693.9,2693.9,161
2021-08-02 13:05:00-04:00,2693.05,2693.05,2693.05,2693.05,100
2021-08-02 13:09:00-04:00,2693.51,2693.51,2693.51,2693.51,197
2021-08-02 13:13:00-04:00,2695.94,2695.94,2695.94,2695.94,160
2021-08-02 13:17:00-04:00,2695.63,2695.63,2695.63,2695.63,146
2021-08-02 13:23:00-04:00,2696.32,2697.15,2696.32,2697.15,203
2021-08-02 13:25:00-04:00,2696.375,2696.375,2696.375,2696.375,139
2021-08-02 13:39:00-04:00,2692.625,2692.625,2692.625,2692.625,106
2021-08-02 13:40:00-04:00,2693.81,2693.81,2693.81,2693.81,472
2021-08-02 13:50:00-04:00,2690.96,2690.96,2690.96,2690.96,230
2021-08-02 13:51:00-04:00,2690.855,2690.855,2689.235,2689.235,534
2021-08-02 13:52:00-04:00,2691.21,2691.21,2691.14,2691.14,435
2021-08-02 14:02:00-04:00,2691.89,2691.89,2691.89,2691.89,127
2021-08-02 14:05:00-04:00,2691.54,2691.54,2691.54,2691.54,102
2021-08-02 14:11:00-04:00,2692.3,2692.3,2692.3,2692.3,110
2021-08-02 14:13:00-04:00,2693.38,2693.38,2693.38,2693.38,169
2021-08-02 14:20:00-04:00,2692.86,2692.86,2692.86,2692.86,106
2021-08-02 14:23:00-04:00,2692.6,2692.6,2692.6,2692.6,107
2021-08-02 14:25:00-04:00,2691.5,2691.5,2691.5,2691.5,185
2021-08-02 14:28:00-04:00,2692.56,2692.56,2692.56,2692.56,153
2021-08-02 14:33:00-04:00,2692.33,2692.33,2692.33,2692.33,159
2021-08-02 14:34:00-04:00,2693.21,2693.21,2693.21,2693.21,107
2021-08-02 14:35:00-04:00,2694.05,2694.05,2694.05,2694.05,136
2021-08-02 14:36:00-04:00,2694.8,2695.4,2694.8,2695.34,365
2021-08-02 14:37:00-04:00,2696.13,2696.13,2695.9,2695.9,342
2021-08-02 14:38:00-04:00,2696.02,2696.02,2696.02,2696.02,132
2021-08-02 14:39:00-04:00,2695.52,2695.52,2695.52,2695.52,111
2021-08-02 14:43:00-04:00,2697.37,2697.37,2697.02,2697.02,657
2021-08-02 14:50:00-04:00,2696.12,2696.12,2696.12,2696.12,136
2021-08-02 14:54:00-04:00,2695.7,2695.7,2695.7,2695.7,198
2021-08-02 14:55:00-04:00,2696.755,2696.755,2696.755,2696.755,106
2021-08-02 15:02:00-04:00,2696.18,2696.18,2696.18,2696.18,106
2021-08-02 15:09:00-04:00,2695.72,2695.72,2695.72,2695.72,133
2021-08-02 15:11:00-04:00,2694.15,2694.15,2694.15,2694.15,200
2021-08-02 15:13:00-04:00,2696.65,2696.65,2696.65,2696.65,173
2021-08-02 15:17:00-04:00,2696.29,2696.29,2696.14,2696.14,522
2021-08-02 15:19:00-04:00,2695.4,2695.4,2695.4,2695.4,128
2021-08-02 15:22:00-04:00,2694.38,2694.38,2694.38,2694.38,118
2021-08-02 15:23:00-04:00,2693.485,2693.485,2693.485,2693.485,105
2021-08-02 15:27:00-04:00,2693.93,2693.93,2693.93,2693.93,154
2021-08-02 15:28:00-04:00,2693.01,2693.01,2693.01,2693.01,103
2021-08-02 15:31:00-04:00,2693.81,2693.81,2693.81,2693.81,219
2021-08-02 15:40:00-04:00,2691.225,2692.02,2691.225,2692.02,370
2021-08-02 15:41:00-04:00,2693.755,2694.78,2693.66,2694.41,1521
2021-08-02 15:42:00-04:00,2693.08,2693.08,2693.08,2693.08,296
2021-08-02 15:44:00-04:00,2693.53,2693.53,2693.53,2693.53,112
2021-08-02 15:45:00-04:00,2692.42,2692.42,2692.42,2692.42,342
2021-08-02 15:47:00-04:00,2692.68,2692.68,2692.68,2692.68,259
2021-08-02 15:48:00-04:00,2693.73,2693.73,2693.73,2693.73,297
2021-08-02 15:49:00-04:00,2693.76,2693.76,2693.37,2693.37,552
2021-08-02 15:50:00-04:00,2692.98,2695.04,2692.98,2695.04,1205
2021-08-02 15:52:00-04:00,2692.14,2692.14,2692.14,2692.14,307
2021-08-02 15:54:00-04:00,2692.72,2692.76,2692.72,2692.76,385
2021-08-02 15:56:00-04:00,2697.39,2697.455,2697.38,2697.455,708
2021-08-02 15:57:00-04:00,2697.76,2699.45,2697.68,2699.45,931
2021-08-02 15:58:00-04:00,2699.22,2699.74,2698.6,2698.6,1248
2021-08-02 15:59:00-04:00,2698.3,2699.6,2697.53,2699.6,1361
2021-08-03 09:32:00-04:00,2696.4,2696.4,2696.4,2696.4,150
2021-08-03 09:35:00-04:00,2693.58,2693.58,2692.26,2692.61,759
2021-08-03 09:39:00-04:00,2699.1,2699.48,2699.1,2699.48,201
2021-08-03 09:40:00-04:00,2699.77,2700.59,2699.77,2700.59,281
2021-08-03 09:41:00-04:00,2699.6,2699.6,2699.6,2699.6,163
2021-08-03 09:45:00-04:00,2698.045,2698.05,2698.045,2698.05,202
2021-08-03 09:47:00-04:00,2696.64,2699.5,2696.64,2699.5,324
2021-08-03 09:48:00-04:00,2699.43,2700.91,2699.43,2700.91,698
2021-08-03 09:49:00-04:00,2700.99,2700.99,2700.99,2700.99,238
2021-08-03 09:53:00-04:00,2689.03,2691.27,2689.03,2691.27,379
2021-08-03 09:57:00-04:00,2686.66,2686.66,2686.66,2686.66,234
2021-08-03 09:59:00-04:00,2686.71,2686.76,2683.495,2684.04,824
2021-08-03 10:01:00-04:00,2684.63,2685.545,2684.63,2685.545,719
2021-08-03 10:02:00-04:00,2684.495,2684.495,2684.495,2684.495,101
2021-08-03 10:03:00-04:00,2683.825,2683.825,2683.825,2683.825,100
2021-08-03 10:04:00-04:00,2681.7,2681.7,2681.7,2681.7,134
2021-08-03 10:08:00-04:00,2679.09,2679.09,2679.09,2679.09,215
2021-08-03 10:11:00-04:00,2679.13,2679.43,2679.13,2679.43,856
2021-08-03 10:12:00-04:00,2677.755,2677.91,2677.49,2677.91,561
2021-08-03 10:13:00-04:00,2676.8,2677.59,2676.8,2677.17,639
2021-08-03 10:14:00-04:00,2677.3,2677.67,2677.3,2677.67,622
2021-08-03 10:15:00-04:00,2677.81,2677.81,2677.77,2677.77,200
2021-08-03 10:18:00-04:00,2678.89,2679.83,2678.88,2679.83,510
2021-08-03 10:19:00-04:00,2680.53,2680.53,2680.53,2680.53,113
2021-08-03 10:20:00-04:00,2681.52,2681.52,2681.255,2681.255,499
2021-08-03 10:22:00-04:00,2681.365,2681.365,2681.365,2681.365,327
2021-08-03 10:23:00-04:00,2681.72,2681.81,2681.66,2681.81,493
2021-08-03 10:24:00-04:00,2682.88,2683.44,2682.88,2683.09,871
2021-08-03 10:25:00-04:00,2684.65,2684.65,2683.51,2683.51,484
2021-08-03 10:26:00-04:00,2683.02,2683.02,2683.02,2683.02,189
2021-08-03 10:27:00-04:00,2682.62,2683.06,2682.62,2683.03,622
2021-08-03 10:28:00-04:00,2682.58,2682.58,2682.58,2682.58,229
2021-08-03 10:30:00-04:00,2681.36,2681.36,2681.36,2681.36,277
2021-08-03 10:31:00-04:00,2679.71,2679.73,2679.71,2679.73,371
2021-08-03 10:32:00-04:00,2677.84,2678.705,2677.825,2678.705,1108
2021-08-03 10:36:00-04:00,2675.32,2675.32,2675.32,2675.32,214
2021-08-03 10:37:00-04:00,2675.88,2675.88,2675.88,2675.88,216
2021-08-03 10:38:00-04:00,2676.42,2676.42,2676.27,2676.27,236
2021-08-03 10:39:00-04:00,2674.65,2674.82,2674.64,2674.82,411
2021-08-03 10:40:00-04:00,2674.64,2675.9,2674.64,2675.77,508
2021-08-03 10:41:00-04:00,2676.99,2677.74,2676.99,2677.74,300
2021-08-03 10:43:00-04:00,2674.12,2674.12,2674.12,2674.12,100
2021-08-03 10:44:00-04:00,2671.17,2672.04,2671.17,2672.04,210
2021-08-03 10:45:00-04:00,2669.55,2669.84,2669.43,2669.84,612
2021-08-03 10:46:00-04:00,2670.225,2670.565,2670.225,2670.315,427
2021-08-03 10:47:00-04:00,2672.7,2673.68,2672.7,2673.68,414
2021-08-03 10:49:00-04:00,2676.125,2676.125,2676.125,2676.125,243
2021-08-03 11:03:00-04:00,2679.69,2679.69,2679.69,2679.69,106
2021-08-03 11:06:00-04:00,2675.08,2675.08,2675.08,2675.08,254
2021-08-03 11:07:00-04:00,2674.98,2675.73,2674.97,2675.73,602
2021-08-03 11:08:00-04:00,2675.87,2675.87,2675.84,2675.84,207
2021-08-03 11:09:00-04:00,2676.43,2676.59,2676.43,2676.59,243
2021-08-03 11:10:00-04:00,2675.68,2675.68,2675.68,2675.68,109
2021-08-03 11:13:00-04:00,2671.67,2672.27,2671.67,2672.27,231
2021-08-03 11:14:00-04:00,2671.41,2672.61,2671.41,2672.61,449
2021-08-03 11:15:00-04:00,2672.56,2672.56,2672.56,2672.56,117
2021-08-03 11:16:00-04:00,2671.59,2672.82,2671.59,2672.72,404
2021-08-03 11:19:00-04:00,2669.52,2669.52,2669.52,2669.52,106
2021-08-03 11:23:00-04:00,2670.29,2670.6,2670.29,2670.48,621
2021-08-03 11:41:00-04:00,2685.49,2685.49,2685.49,2685.49,117
2021-08-03 11:43:00-04:00,2687.69,2687.69,2687.69,2687.69,248
2021-08-03 11:44:00-04:00,2689.68,2691.73,2689.68,2691.69,466
2021-08-03 11:45:00-04:00,2692.48,2692.48,2692.48,2692.48,102
2021-08-03 11:46:00-04:00,2692.67,2692.67,2692.38,2692.38,401
2021-08-03 11:47:00-04:00,2692.64,2692.64,2692.64,2692.64,206
2021-08-03 11:50:00-04:00,2697.8,2697.8,2697.36,2697.36,366
2021-08-03 11:55:00-04:00,2701.49,2702.33,2701.49,2702.33,465
2021-08-03 11:57:00-04:00,2704.595,2704.595,2704.595,2704.595,238
2021-08-03 11:58:00-04:00,2708.31,2708.31,2707.82,2707.82,207
2021-08-03 11:59:00-04:00,2706.58,2706.58,2706.58,2706.58,180
2021-08-03 12:00:00-04:00,2707.36,2707.36,2707.36,2707.36,105
2021-08-03 12:01:00-04:00,2708.515,2708.515,2708.515,2708.515,140
2021-08-03 12:02:00-04:00,2709.225,2709.225,2709.225,2709.225,124
2021-08-03 12:05:00-04:00,2707.465,2707.465,2707.465,2707.465,111
2021-08-03 12:06:00-04:00,2706.385,2706.45,2706.38,2706.45,401
2021-08-03 12:07:00-04:00,2705.82,2705.82,2705.82,2705.82,201
2021-08-03 12:08:00-04:00,2705.29,2705.925,2705.29,2705.925,380
2021-08-03 12:09:00-04:00,2705.44,2705.44,2705.44,2705.44,100
2021-08-03 12:11:00-04:00,2705.71,2705.71,2705.71,2705.71,122
2021-08-03 12:14:00-04:00,2704.99,2704.99,2704.99,2704.99,100
2021-08-03 12:15:00-04:00,2704.35,2705.65,2704.35,2705.65,361
2021-08-03 12:18:00-04:00,2705.31,2705.31,2705.31,2705.31,100
2021-08-03 12:19:00-04:00,2703.43,2703.43,2703.43,2703.43,201
2021-08-03 12:20:00-04:00,2703.865,2703.865,2703.865,2703.865,107
2021-08-03 12:21:00-04:00,2704.675,2704.675,2704.675,2704.675,136
2021-08-03 12:23:00-04:00,2704.29,2704.29,2704.29,2704.29,102
2021-08-03 12:24:00-04:00,2703.24,2703.24,2703.24,2703.24,101
2021-08-03 12:26:00-04:00,2700.98,2700.98,2700.98,2700.98,155
2021-08-03 12:27:00-04:00,2702.105,2702.105,2702.105,2702.105,213
2021-08-03 12:35:00-04:00,2709.48,2709.64,2709.48,2709.64,233
2021-08-03 12:36:00-04:00,2710.93,2711.9,2710.93,2711.72,1843
2021-08-03 12:38:00-04:00,2710.19,2710.35,2710.19,2710.35,281
2021-08-03 12:40:00-04:00,2711.09,2711.09,2710.185,2710.185,514
2021-08-03 12:44:00-04:00,2705.715,2705.715,2705.715,2705.715,538
2021-08-03 12:45:00-04:00,2706.51,2707.0,2706.51,2707.0,812
2021-08-03 12:46:00-04:00,2707.8,2708.04,2707.8,2708.04,313
2021-08-03 12:47:00-04:00,2708.195,2708.195,2708.195,2708.195,128
2021-08-03 12:49:00-04:00,2706.985,2707.14,2706.985,2707.03,301
2021-08-03 12:51:00-04:00,2705.58,2705.58,2705.58,2705.58,269
2021-08-03 12:53:00-04:00,2705.715,2705.94,2705.715,2705.94,302
2021-08-03 12:54:00-04:00,2706.18,2706.18,2706.18,2706.18,100
2021-08-03 12:55:00-04:00,2706.02,2706.045,2706.02,2706.045,206
2021-08-03 12:56:00-04:00,2706.815,2706.815,2706.815,2706.815,201
2021-08-03 12:59:00-04:00,2708.895,2709.23,2708.895,2709.23,855
2021-08-03 13:00:00-04:00,2709.78,2709.78,2709.78,2709.78,102
2021-08-03 13:01:00-04:00,2710.25,2710.295,2710.24,2710.27,794
2021-08-03 13:07:00-04:00,2712.04,2712.04,2712.04,2712.04,100
2021-08-03 13:17:00-04:00,2714.18,2714.18,2714.18,2714.18,101
2021-08-03 13:24:00-04:00,2710.545,2710.545,2709.22,2709.22,405
2021-08-03 13:25:00-04:00,2708.325,2708.325,2708.325,2708.325,203
2021-08-03 13:28:00-04:00,2708.17,2708.17,2708.17,2708.17,155
2021-08-03 13:32:00-04:00,2708.34,2708.34,2708.34,2708.34,101
2021-08-03 13:37:00-04:00,2703.795,2703.795,2703.795,2703.795,182
2021-08-03 13:38:00-04:00,2704.51,2704.51,2704.51,2704.51,100
2021-08-03 13:50:00-04:00,2707.86,2707.86,2707.82,2707.82,203
2021-08-03 14:04:00-04:00,2699.49,2699.49,2699.49,2699.49,177
2021-08-03 14:26:00-04:00,2707.21,2707.21,2707.21,2707.21,111
2021-08-03 14:30:00-04:00,2706.41,2706.41,2706.41,2706.41,272
2021-08-03 14:40:00-04:00,2706.595,2706.595,2706.595,2706.595,203
2021-08-03 14:42:00-04:00,2705.22,2705.22,2705.22,2705.22,201
2021-08-03 14:44:00-04:00,2706.44,2706.44,2706.44,2706.44,137
2021-08-03 14:45:00-04:00,2706.815,2706.815,2706.815,2706.815,333
2021-08-03 14:46:00-04:00,2704.565,2704.565,2704.545,2704.545,350
2021-08-03 14:47:00-04:00,2705.15,2705.15,2704.54,2704.54,398
2021-08-03 14:48:00-04:00,2703.78,2703.78,2703.78,2703.78,107
2021-08-03 14:53:00-04:00,2704.94,2704.94,2704.94,2704.94,201
2021-08-03 15:05:00-04:00,2709.425,2709.425,2709.425,2709.425,123
2021-08-03 15:08:00-04:00,2709.865,2709.865,2708.69,2708.69,312
2021-08-03 15:17:00-04:00,2710.29,2710.29,2710.29,2710.29,107
2021-08-03 15:22:00-04:00,2710.44,2710.44,2710.44,2710.44,205
2021-08-03 15:25:00-04:00,2712.335,2712.335,2712.335,2712.335,101
2021-08-03 15:27:00-04:00,2711.9,2711.9,2711.9,2711.9,302
2021-08-03 15:28:00-04:00,2712.25,2712.25,2712.25,2712.25,105
2021-08-03 15:33:00-04:00,2711.37,2711.37,2711.37,2711.37,118
2021-08-03 15:36:00-04:00,2711.135,2711.135,2711.135,2711.135,231
2021-08-03 15:37:00-04:00,2710.89,2711.17,2710.89,2711.17,252
2021-08-03 15:38:00-04:00,2710.3,2710.3,2710.3,2710.3,232
2021-08-03 15:39:00-04:00,2710.34,2710.34,2710.1,2710.1,439
2021-08-03 15:40:00-04:00,2709.34,2709.34,2709.34,2709.34,130
2021-08-03 15:42:00-04:00,2710.45,2710.45,2710.45,2710.45,195
2021-08-03 15:43:00-04:00,2709.985,2710.31,2709.985,2710.31,242
2021-08-03 15:48:00-04:00,2710.58,2710.58,2710.43,2710.43,420
2021-08-03 15:53:00-04:00,2711.54,2711.54,2711.34,2711.395,999
2021-08-03 15:54:00-04:00,2710.78,2712.02,2710.78,2712.01,465
2021-08-03 15:55:00-04:00,2712.97,2713.4,2712.94,2713.195,1338
2021-08-03 15:56:00-04:00,2711.97,2712.44,2711.72,2712.32,1292
2021-08-03 15:57:00-04:00,2712.67,2713.15,2712.67,2713.15,586
2021-08-03 15:58:00-04:00,2712.635,2712.635,2712.635,2712.635,369
2021-08-03 15:59:00-04:00,2713.19,2713.53,2712.63,2713.53,829
2021-08-04 09:30:00-04:00,2707.32,2707.32,2707.32,2707.32,341
2021-08-04 09:33:00-04:00,2710.14,2710.14,2710.14,2710.14,123
2021-08-04 09:35:00-04:00,2701.38,2701.38,2701.38,2701.38,418
2021-08-04 09:36:00-04:00,2704.38,2704.38,2704.38,2704.38,138
2021-08-04 09:37:00-04:00,2704.47,2705.63,2704.39,2705.63,966
2021-08-04 09:38:00-04:00,2708.16,2708.16,2708.16,2708.16,110
2021-08-04 09:39:00-04:00,2706.01,2706.01,2703.7,2703.7,317
2021-08-04 09:42:00-04:00,2703.28,2703.51,2703.28,2703.51,481
2021-08-04 09:43:00-04:00,2702.33,2702.33,2702.33,2702.33,200
2021-08-04 09:44:00-04:00,2704.28,2704.28,2702.92,2702.92,585
2021-08-04 09:49:00-04:00,2702.385,2702.385,2702.385,2702.385,105
2021-08-04 09:50:00-04:00,2702.385,2702.385,2702.385,2702.385,322
2021-08-04 09:51:00-04:00,2702.085,2702.085,2698.64,2698.64,324
2021-08-04 09:53:00-04:00,2699.34,2699.34,2699.34,2699.34,176
2021-08-04 09:55:00-04:00,2700.77,2700.77,2700.77,2700.77,141
2021-08-04 09:56:00-04:00,2701.27,2701.27,2701.27,2701.27,276
2021-08-04 10:00:00-04:00,2701.065,2701.065,2701.065,2701.065,195
2021-08-04 10:04:00-04:00,2695.295,2696.94,2695.295,2696.94,348
2021-08-04 10:07:00-04:00,2695.7,2695.7,2695.7,2695.7,137
2021-08-04 10:08:00-04:00,2695.97,2697.62,2695.97,2697.62,778
2021-08-04 10:09:00-04:00,2698.36,2698.36,2698.36,2698.36,188
2021-08-04 10:14:00-04:00,2696.0,2696.0,2696.0,2696.0,102
2021-08-04 10:15:00-04:00,2696.73,2696.73,2696.73,2696.73,138
2021-08-04 10:17:00-04:00,2696.83,2696.83,2696.83,2696.83,200
2021-08-04 10:21:00-04:00,2695.1,2695.1,2695.1,2695.1,149
2021-08-04 10:25:00-04:00,2695.63,2695.685,2695.63,2695.685,420
2021-08-04 10:27:00-04:00,2692.75,2692.75,2692.2,2692.2,500
2021-08-04 10:29:00-04:00,2691.39,2691.39,2691.39,2691.39,206
2021-08-04 10:38:00-04:00,2694.32,2694.32,2694.32,2694.32,128
2021-08-04 10:41:00-04:00,2695.24,2695.28,2693.07,2693.38,648
2021-08-04 10:43:00-04:00,2693.23,2693.23,2693.23,2693.23,139
2021-08-04 10:45:00-04:00,2691.88,2692.71,2691.88,2692.71,438
2021-08-04 10:53:00-04:00,2692.03,2692.37,2692.03,2692.37,402
2021-08-04 10:57:00-04:00,2694.44,2694.44,2694.44,2694.44,109
2021-08-04 11:05:00-04:00,2696.78,2696.78,2696.78,2696.78,271
2021-08-04 11:06:00-04:00,2698.0,2698.0,2698.0,2698.0,113
2021-08-04 11:08:00-04:00,2698.62,2698.62,2698.62,2698.62,274
2021-08-04 11:11:00-04:00,2698.44,2698.44,2698.44,2698.44,100
2021-08-04 11:18:00-04:00,2696.15,2696.44,2696.15,2696.16,853
2021-08-04 11:20:00-04:00,2696.88,2696.88,2696.75,2696.75,301
2021-08-04 11:21:00-04:00,2695.9,2695.9,2695.9,2695.9,100
2021-08-04 11:27:00-04:00,2697.75,2697.75,2697.75,2697.75,100
2021-08-04 11:28:00-04:00,2698.66,2698.66,2698.66,2698.66,233
2021-08-04 11:30:00-04:00,2699.42,2700.77,2699.42,2700.77,349
2021-08-04 11:36:00-04:00,2704.49,2704.49,2704.49,2704.49,122
2021-08-04 11:37:00-04:00,2702.8,2702.8,2702.67,2702.67,210
2021-08-04 11:38:00-04:00,2701.43,2701.43,2701.43,2701.43,103
2021-08-04 11:41:00-04:00,2700.28,2700.28,2700.28,2700.28,421
2021-08-04 11:43:00-04:00,2700.45,2700.45,2700.45,2700.45,163
2021-08-04 11:45:00-04:00,2702.07,2702.07,2702.07,2702.07,352
2021-08-04 11:47:00-04:00,2703.34,2703.34,2703.34,2703.34,301
2021-08-04 11:48:00-04:00,2704.12,2705.005,2704.12,2705.005,210
2021-08-04 11:51:00-04:00,2705.05,2705.05,2705.05,2705.05,106
2021-08-04 11:52:00-04:00,2706.49,2706.49,2706.49,2706.49,144
2021-08-04 11:53:00-04:00,2707.205,2707.205,2707.205,2707.205,163
2021-08-04 11:54:00-04:00,2705.42,2705.42,2705.2,2705.2,219
2021-08-04 11:57:00-04:00,2707.58,2707.58,2707.58,2707.58,330
2021-08-04 12:02:00-04:00,2705.88,2705.88,2705.88,2705.88,141
2021-08-04 12:04:00-04:00,2705.66,2705.66,2705.66,2705.66,121
2021-08-04 12:07:00-04:00,2705.105,2705.105,2705.105,2705.105,202
2021-08-04 12:09:00-04:00,2704.65,2704.71,2704.65,2704.71,211
2021-08-04 12:13:00-04:00,2707.08,2707.08,2707.08,2707.08,106
2021-08-04 12:21:00-04:00,2704.71,2704.8,2704.71,2704.8,453
2021-08-04 12:26:00-04:00,2703.19,2703.19,2703.19,2703.19,112
2021-08-04 12:27:00-04:00,2703.57,2704.29,2703.57,2704.12,642
2021-08-04 12:28:00-04:00,2702.77,2702.77,2702.77,2702.77,155
2021-08-04 12:29:00-04:00,2702.24,2702.24,2702.24,2702.24,107
2021-08-04 12:36:00-04:00,2700.935,2700.935,2700.935,2700.935,101
2021-08-04 12:40:00-04:00,2701.0,2701.0,2701.0,2701.0,101
2021-08-04 12:57:00-04:00,2703.085,2703.09,2703.085,2703.09,200
2021-08-04 12:58:00-04:00,2703.155,2703.62,2703.155,2703.39,512
2021-08-04 12:59:00-04:00,2702.92,2702.92,2702.92,2702.92,100
2021-08-04 13:00:00-04:00,2703.64,2703.71,2703.64,2703.71,305
2021-08-04 13:02:00-04:00,2704.0,2704.0,2704.0,2704.0,134
2021-08-04 13:03:00-04:00,2704.77,2704.97,2704.77,2704.97,388
2021-08-04 13:04:00-04:00,2705.25,2705.25,2705.25,2705.25,201
2021-08-04 13:11:00-04:00,2707.92,2707.92,2707.92,2707.92,111
2021-08-04 13:13:00-04:00,2709.08,2709.08,2709.08,2709.08,204
2021-08-04 13:15:00-04:00,2708.77,2708.77,2708.77,2708.77,304
2021-08-04 13:20:00-04:00,2711.555,2711.555,2710.86,2710.86,485
2021-08-04 13:22:00-04:00,2711.52,2711.52,2711.52,2711.52,106
2021-08-04 13:23:00-04:00,2712.585,2712.585,2712.585,2712.585,100
2021-08-04 13:24:00-04:00,2711.6,2711.6,2711.6,2711.6,123
2021-08-04 13:26:00-04:00,2710.12,2710.12,2710.12,2710.12,101
2021-08-04 13:27:00-04:00,2710.35,2710.99,2710.28,2710.99,322
2021-08-04 13:28:00-04:00,2709.355,2709.355,2709.355,2709.355,100
2021-08-04 13:29:00-04:00,2709.57,2709.57,2709.57,2709.57,110
2021-08-04 13:30:00-04:00,2710.63,2710.63,2710.63,2710.63,100
2021-08-04 13:34:00-04:00,2707.2,2707.28,2707.035,2707.035,483
2021-08-04 13:35:00-04:00,2707.135,2707.135,2707.135,2707.135,123
2021-08-04 13:36:00-04:00,2705.34,2705.34,2705.34,2705.34,208
2021-08-04 13:37:00-04:00,2704.24,2704.24,2704.24,2704.24,238
2021-08-04 13:38:00-04:00,2704.19,2705.05,2704.165,2705.05,627
2021-08-04 13:42:00-04:00,2705.275,2705.275,2705.275,2705.275,155
2021-08-04 13:43:00-04:00,2706.01,2706.01,2705.71,2705.71,470
2021-08-04 13:44:00-04:00,2705.37,2705.37,2705.28,2705.28,286
2021-08-04 13:46:00-04:00,2705.75,2705.75,2705.75,2705.75,108
2021-08-04 13:48:00-04:00,2704.18,2704.18,2704.18,2704.18,100
2021-08-04 13:49:00-04:00,2705.97,2705.98,2705.97,2705.98,248
2021-08-04 14:01:00-04:00,2705.55,2705.55,2705.55,2705.55,100
2021-08-04 14:02:00-04:00,2706.42,2706.42,2706.42,2706.42,246
2021-08-04 14:06:00-04:00,2708.47,2708.47,2708.47,2708.47,105
2021-08-04 14:08:00-04:00,2707.845,2707.845,2707.67,2707.67,402
2021-08-04 14:26:00-04:00,2710.97,2711.0,2710.97,2711.0,242
2021-08-04 14:29:00-04:00,2709.86,2709.86,2709.86,2709.86,122
2021-08-04 14:30:00-04:00,2709.13,2709.13,2709.13,2709.13,205
2021-08-04 14:35:00-04:00,2710.8,2711.345,2710.8,2711.345,200
2021-08-04 14:36:00-04:00,2710.96,2711.02,2710.32,2710.4,898
2021-08-04 14:39:00-04:00,2711.02,2711.02,2711.02,2711.02,239
2021-08-04 14:46:00-04:00,2709.39,2709.39,2709.39,2709.39,201
2021-08-04 14:48:00-04:00,2707.28,2707.28,2707.28,2707.28,127
2021-08-04 14:49:00-04:00,2708.16,2708.16,2708.16,2708.16,109
2021-08-04 14:51:00-04:00,2706.88,2706.88,2706.88,2706.88,181
2021-08-04 14:55:00-04:00,2706.81,2706.81,2706.81,2706.81,106
2021-08-04 15:01:00-04:00,2706.34,2706.34,2706.34,2706.34,100
2021-08-04 15:05:00-04:00,2707.18,2707.18,2707.1,2707.1,262
2021-08-04 15:06:00-04:00,2707.31,2707.48,2707.19,2707.19,313
2021-08-04 15:08:00-04:00,2706.4,2706.41,2706.4,2706.41,400
2021-08-04 15:09:00-04:00,2705.12,2705.12,2705.12,2705.12,106
2021-08-04 15:10:00-04:00,2706.03,2706.27,2706.03,2706.27,267
2021-08-04 15:12:00-04:00,2704.54,2704.54,2704.54,2704.54,139
2021-08-04 15:20:00-04:00,2704.02,2704.02,2704.02,2704.02,304
2021-08-04 15:22:00-04:00,2704.025,2704.36,2704.025,2704.36,481
2021-08-04 15:28:00-04:00,2705.11,2705.11,2705.11,2705.11,100
2021-08-04 15:31:00-04:00,2703.47,2703.47,2703.47,2703.47,261
2021-08-04 15:34:00-04:00,2703.74,2703.74,2703.74,2703.74,204
2021-08-04 15:35:00-04:00,2703.92,2703.92,2703.92,2703.92,100
2021-08-04 15:36:00-04:00,2704.68,2704.68,2704.68,2704.68,108
2021-08-04 15:39:00-04:00,2704.12,2704.16,2703.92,2703.92,580
2021-08-04 15:41:00-04:00,2703.43,2703.43,2703.43,2703.43,126
2021-08-04 15:44:00-04:00,2704.02,2704.02,2704.02,2704.02,209
2021-08-04 15:45:00-04:00,2703.65,2703.65,2703.65,2703.65,224
2021-08-04 15:47:00-04:00,2703.05,2703.05,2703.05,2703.05,131
2021-08-04 15:48:00-04:00,2702.84,2703.79,2702.84,2703.79,660
2021-08-04 15:49:00-04:00,2703.06,2703.06,2703.06,2703.06,107
2021-08-04 15:50:00-04:00,2704.06,2704.06,2703.34,2703.37,1079
2021-08-04 15:51:00-04:00,2703.52,2703.52,2703.52,2703.52,141
2021-08-04 15:55:00-04:00,2706.17,2706.17,2706.17,2706.17,237
2021-08-04 15:57:00-04:00,2704.02,2704.02,2704.02,2704.02,196
2021-08-04 15:59:00-04:00,2703.6,2703.97,2702.29,2702.29,1569
2021-08-05 09:30:00-04:00,2708.395,2708.395,2706.41,2706.41,476
2021-08-05 09:32:00-04:00,2704.57,2704.57,2704.57,2704.57,138
2021-08-05 09:33:00-04:00,2707.275,2708.33,2707.275,2708.33,243
2021-08-05 09:36:00-04:00,2705.16,2705.16,2704.8,2704.8,260
2021-08-05 09:40:00-04:00,2698.62,2698.75,2698.62,2698.75,319
2021-08-05 09:43:00-04:00,2700.79,2700.79,2700.79,2700.79,138
2021-08-05 09:44:00-04:00,2702.25,2702.25,2702.25,2702.25,100
2021-08-05 09:47:00-04:00,2711.01,2711.01,2711.01,2711.01,410
2021-08-05 09:56:00-04:00,2709.25,2709.25,2707.23,2707.23,417
2021-08-05 09:59:00-04:00,2706.98,2706.98,2706.98,2706.98,140
2021-08-05 10:00:00-04:00,2707.49,2707.49,2706.75,2706.83,605
2021-08-05 10:02:00-04:00,2706.83,2706.83,2706.83,2706.83,113
2021-08-05 10:05:00-04:00,2708.82,2708.82,2708.82,2708.82,294
2021-08-05 10:07:00-04:00,2710.16,2710.34,2710.16,2710.34,621
2021-08-05 10:08:00-04:00,2713.92,2714.76,2713.92,2714.76,557
2021-08-05 10:13:00-04:00,2715.0,2715.0,2714.75,2714.75,268
2021-08-05 10:15:00-04:00,2716.95,2716.95,2716.95,2716.95,303
2021-08-05 10:17:00-04:00,2718.39,2718.515,2718.39,2718.515,200
2021-08-05 10:19:00-04:00,2719.5,2719.5,2719.5,2719.5,137
2021-08-05 10:23:00-04:00,2714.5,2714.69,2714.5,2714.69,373
2021-08-05 10:30:00-04:00,2717.0,2717.0,2717.0,2717.0,100
2021-08-05 10:33:00-04:00,2716.93,2716.93,2716.36,2716.36,296
2021-08-05 10:34:00-04:00,2716.49,2716.5,2716.49,2716.5,207
2021-08-05 10:36:00-04:00,2718.33,2718.33,2718.33,2718.33,257
2021-08-05 10:39:00-04:00,2716.6,2716.94,2716.51,2716.94,433
2021-08-05 10:41:00-04:00,2717.535,2717.62,2716.89,2716.89,548
2021-08-05 10:42:00-04:00,2715.86,2715.92,2715.86,2715.92,206
2021-08-05 10:43:00-04:00,2715.92,2716.07,2715.92,2716.07,355
2021-08-05 10:46:00-04:00,2714.76,2714.76,2714.76,2714.76,101
2021-08-05 10:47:00-04:00,2714.09,2714.29,2714.09,2714.29,324
2021-08-05 10:52:00-04:00,2717.25,2717.25,2717.25,2717.25,116
2021-08-05 10:53:00-04:00,2717.875,2717.875,2717.73,2717.73,327
2021-08-05 11:00:00-04:00,2717.88,2717.88,2717.88,2717.88,144
2021-08-05 11:01:00-04:00,2719.32,2720.58,2719.32,2720.58,538
2021-08-05 11:02:00-04:00,2721.98,2721.98,2721.24,2721.24,280
2021-08-05 11:03:00-04:00,2720.165,2720.165,2720.165,2720.165,105
2021-08-05 11:04:00-04:00,2721.12,2721.12,2721.12,2721.12,128
2021-08-05 11:05:00-04:00,2721.2,2721.2,2721.08,2721.08,206
2021-08-05 11:06:00-04:00,2721.86,2721.94,2721.23,2721.23,472
2021-08-05 11:08:00-04:00,2720.33,2720.33,2720.33,2720.33,107
2021-08-05 11:09:00-04:00,2720.68,2720.68,2720.68,2720.68,102
2021-08-05 11:10:00-04:00,2718.76,2718.76,2718.76,2718.76,335
2021-08-05 11:19:00-04:00,2719.35,2719.35,2719.35,2719.35,100
2021-08-05 11:22:00-04:00,2720.23,2720.23,2720.23,2720.23,205
2021-08-05 11:23:00-04:00,2719.54,2720.36,2719.54,2720.36,242
2021-08-05 11:26:00-04:00,2718.32,2718.32,2718.32,2718.32,263
2021-08-05 11:28:00-04:00,2718.83,2718.83,2718.83,2718.83,108
2021-08-05 11:37:00-04:00,2720.55,2720.69,2720.25,2720.69,427
2021-08-05 11:39:00-04:00,2718.64,2718.64,2718.64,2718.64,116
2021-08-05 11:41:00-04:00,2719.285,2719.46,2719.285,2719.46,201
2021-08-05 11:42:00-04:00,2719.12,2719.12,2719.12,2719.12,299
2021-08-05 11:43:00-04:00,2717.5,2717.74,2717.5,2717.74,306
2021-08-05 11:46:00-04:00,2716.98,2716.98,2716.98,2716.98,146
2021-08-05 11:47:00-04:00,2716.98,2716.98,2716.98,2716.98,109
2021-08-05 11:52:00-04:00,2714.64,2714.64,2714.64,2714.64,232
2021-08-05 11:54:00-04:00,2716.83,2716.83,2716.83,2716.83,316
2021-08-05 11:55:00-04:00,2716.27,2716.27,2716.27,2716.27,101
2021-08-05 11:56:00-04:00,2717.66,2717.66,2717.66,2717.66,164
2021-08-05 12:00:00-04:00,2715.99,2715.99,2715.99,2715.99,378
2021-08-05 12:03:00-04:00,2714.16,2714.16,2714.16,2714.16,133
2021-08-05 12:24:00-04:00,2715.64,2716.37,2715.64,2716.37,704
2021-08-05 12:33:00-04:00,2718.54,2718.54,2718.54,2718.54,101
2021-08-05 12:50:00-04:00,2716.97,2716.97,2716.97,2716.97,100
2021-08-05 13:25:00-04:00,2719.55,2719.55,2719.55,2719.55,144
2021-08-05 13:31:00-04:00,2720.41,2720.41,2720.41,2720.41,142
2021-08-05 13:32:00-04:00,2719.77,2720.23,2719.77,2720.23,215
2021-08-05 13:44:00-04:00,2716.56,2716.56,2716.56,2716.56,240
2021-08-05 13:45:00-04:00,2716.32,2716.32,2716.32,2716.32,202
2021-08-05 13:59:00-04:00,2719.04,2719.04,2719.04,2719.04,100
2021-08-05 14:03:00-04:00,2719.73,2720.43,2719.73,2720.43,200
2021-08-05 14:16:00-04:00,2719.3,2719.3,2719.3,2719.3,110
2021-08-05 14:34:00-04:00,2718.76,2718.76,2718.76,2718.76,100
2021-08-05 14:38:00-04:00,2718.53,2718.53,2718.45,2718.45,399
2021-08-05 14:42:00-04:00,2719.6,2719.6,2719.6,2719.6,143
2021-08-05 14:51:00-04:00,2718.9,2718.9,2718.9,2718.9,112
2021-08-05 14:53:00-04:00,2719.79,2719.8,2719.45,2719.8,1085
2021-08-05 14:55:00-04:00,2720.36,2720.45,2720.36,2720.45,227
2021-08-05 14:56:00-04:00,2720.96,2720.96,2720.96,2720.96,102
2021-08-05 15:02:00-04:00,2721.28,2721.28,2721.28,2721.28,165
2021-08-05 15:05:00-04:00,2721.18,2721.18,2721.18,2721.18,102
2021-08-05 15:06:00-04:00,2721.4,2721.4,2721.4,2721.4,112
2021-08-05 15:11:00-04:00,2721.29,2721.35,2720.87,2720.87,308
2021-08-05 15:15:00-04:00,2720.08,2720.19,2719.73,2719.73,615
2021-08-05 15:17:00-04:00,2719.15,2719.34,2719.15,2719.34,797
2021-08-05 15:18:00-04:00,2719.58,2719.58,2719.58,2719.58,200
2021-08-05 15:21:00-04:00,2721.4,2721.4,2721.365,2721.365,223
2021-08-05 15:28:00-04:00,2721.33,2721.33,2721.33,2721.33,159
2021-08-05 15:29:00-04:00,2720.105,2720.12,2720.105,2720.12,220
2021-08-05 15:33:00-04:00,2719.8,2719.8,2719.8,2719.8,105
2021-08-05 15:35:00-04:00,2721.18,2721.18,2721.18,2721.18,101
2021-08-05 15:37:00-04:00,2720.99,2720.99,2720.99,2720.99,106
2021-08-05 15:44:00-04:00,2721.3,2721.32,2721.27,2721.27,1211
2021-08-05 15:47:00-04:00,2720.725,2720.725,2720.725,2720.725,302
2021-08-05 15:48:00-04:00,2721.39,2723.85,2721.39,2723.5,1311
2021-08-05 15:49:00-04:00,2723.6,2723.75,2723.6,2723.75,883
2021-08-05 15:50:00-04:00,2724.16,2725.68,2724.16,2725.68,1364
2021-08-05 15:51:00-04:00,2725.34,2726.89,2725.34,2726.15,2171
2021-08-05 15:52:00-04:00,2726.57,2726.57,2726.145,2726.36,549
2021-08-05 15:53:00-04:00,2725.34,2725.6,2725.25,2725.25,536
2021-08-05 15:54:00-04:00,2722.72,2723.49,2722.72,2723.49,405
2021-08-05 15:55:00-04:00,2722.94,2724.12,2722.82,2724.12,1382
2021-08-05 15:56:00-04:00,2724.22,2724.75,2724.19,2724.75,577
2021-08-05 15:57:00-04:00,2724.51,2724.805,2724.51,2724.805,329
2021-08-05 15:58:00-04:00,2724.68,2724.68,2724.68,2724.68,344
2021-08-05 15:59:00-04:00,2725.325,2726.14,2725.325,2725.72,1295
2021-08-06 09:30:00-04:00,2720.0,2722.76,2720.0,2720.27,1227
2021-08-06 09:31:00-04:00,2718.97,2723.6,2718.97,2723.6,534
2021-08-06 09:32:00-04:00,2724.36,2725.52,2724.36,2725.52,314
2021-08-06 09:34:00-04:00,2722.98,2723.545,2722.98,2723.545,691
2021-08-06 09:35:00-04:00,2723.98,2723.98,2723.98,2723.98,107
2021-08-06 09:39:00-04:00,2718.01,2718.01,2718.01,2718.01,123
2021-08-06 09:41:00-04:00,2717.19,2717.19,2717.19,2717.19,183
2021-08-06 09:44:00-04:00,2718.32,2718.32,2718.32,2718.32,259
2021-08-06 09:45:00-04:00,2718.44,2718.44,2718.44,2718.44,253
2021-08-06 09:46:00-04:00,2718.45,2718.45,2718.45,2718.45,116
2021-08-06 09:47:00-04:00,2719.65,2719.65,2719.65,2719.65,106
2021-08-06 09:49:00-04:00,2728.47,2728.47,2728.47,2728.47,145
2021-08-06 09:51:00-04:00,2721.8,2721.8,2721.79,2721.79,243
2021-08-06 10:01:00-04:00,2717.8,2717.8,2717.8,2717.8,101
2021-08-06 10:02:00-04:00,2717.99,2717.99,2717.99,2717.99,460
2021-08-06 10:03:00-04:00,2719.69,2719.775,2719.69,2719.775,212
2021-08-06 10:04:00-04:00,2723.19,2723.19,2723.19,2723.19,188
2021-08-06 10:05:00-04:00,2723.53,2723.53,2723.03,2723.03,425
2021-08-06 10:06:00-04:00,2723.94,2723.94,2723.94,2723.94,189
2021-08-06 10:07:00-04:00,2724.81,2725.08,2724.37,2725.08,895
2021-08-06 10:10:00-04:00,2725.62,2725.62,2725.62,2725.62,126
2021-08-06 10:11:00-04:00,2726.89,2726.89,2726.89,2726.89,109
2021-08-06 10:12:00-04:00,2726.55,2726.55,2725.24,2725.24,220
2021-08-06 10:14:00-04:00,2723.53,2723.53,2723.53,2723.53,234
2021-08-06 10:22:00-04:00,2723.15,2723.37,2723.15,2723.37,280
2021-08-06 10:26:00-04:00,2723.99,2723.99,2723.99,2723.99,104
2021-08-06 10:30:00-04:00,2723.8,2723.8,2723.8,2723.8,449
2021-08-06 10:32:00-04:00,2725.12,2725.12,2724.42,2724.42,506
2021-08-06 10:33:00-04:00,2725.64,2725.67,2725.21,2725.55,1021
2021-08-06 10:36:00-04:00,2724.11,2724.15,2723.89,2724.05,901
2021-08-06 10:37:00-04:00,2724.61,2724.61,2724.29,2724.29,471
2021-08-06 10:39:00-04:00,2724.595,2724.595,2724.595,2724.595,238
2021-08-06 10:40:00-04:00,2724.51,2724.51,2724.41,2724.41,204
2021-08-06 10:43:00-04:00,2725.04,2725.04,2725.04,2725.04,252
2021-08-06 10:46:00-04:00,2722.385,2722.385,2722.385,2722.385,202
2021-08-06 10:47:00-04:00,2722.39,2722.39,2722.39,2722.39,146
2021-08-06 10:52:00-04:00,2716.0,2716.0,2716.0,2716.0,246
2021-08-06 10:53:00-04:00,2715.065,2715.065,2715.065,2715.065,208
2021-08-06 10:56:00-04:00,2712.75,2712.75,2712.75,2712.75,140
2021-08-06 10:58:00-04:00,2712.21,2712.21,2712.21,2712.21,108
2021-08-06 11:02:00-04:00,2713.35,2713.35,2713.32,2713.32,232
2021-08-06 11:16:00-04:00,2706.6,2706.6,2706.6,2706.6,259
2021-08-06 11:19:00-04:00,2710.99,2710.99,2710.88,2710.88,451
2021-08-06 11:22:00-04:00,2711.0,2711.77,2711.0,2711.66,352
2021-08-06 11:40:00-04:00,2710.58,2710.58,2710.58,2710.58,111
2021-08-06 11:41:00-04:00,2711.04,2711.04,2711.04,2711.04,186
2021-08-06 12:05:00-04:00,2715.36,2715.36,2715.36,2715.36,220
2021-08-06 12:13:00-04:00,2710.59,2710.7,2710.59,2710.7,397
2021-08-06 12:30:00-04:00,2711.99,2711.99,2711.99,2711.99,107
2021-08-06 12:38:00-04:00,2712.58,2712.58,2712.52,2712.52,227
2021-08-06 12:46:00-04:00,2713.93,2713.93,2713.93,2713.93,133
2021-08-06 12:50:00-04:00,2714.31,2714.31,2714.31,2714.31,134
2021-08-06 13:07:00-04:00,2719.37,2719.37,2718.97,2718.97,299
2021-08-06 13:08:00-04:00,2718.15,2718.15,2718.15,2718.15,100
2021-08-06 13:09:00-04:00,2718.12,2718.12,2718.12,2718.12,100
2021-08-06 13:10:00-04:00,2718.22,2718.22,2718.22,2718.22,105
2021-08-06 13:17:00-04:00,2719.36,2719.36,2719.36,2719.36,257
2021-08-06 13:51:00-04:00,2715.97,2715.97,2715.97,2715.97,149
2021-08-06 14:07:00-04:00,2719.23,2719.23,2719.23,2719.23,122
2021-08-06 14:15:00-04:00,2717.04,2717.04,2717.04,2717.04,207
2021-08-06 14:18:00-04:00,2717.32,2717.32,2717.32,2717.32,140
2021-08-06 14:20:00-04:00,2717.67,2717.67,2717.67,2717.67,124
2021-08-06 14:36:00-04:00,2716.08,2716.08,2716.08,2716.08,128
2021-08-06 14:37:00-04:00,2715.875,2715.875,2715.875,2715.875,110
2021-08-06 14:57:00-04:00,2712.7,2712.7,2712.7,2712.7,119
2021-08-06 15:03:00-04:00,2712.37,2712.37,2712.37,2712.37,218
2021-08-06 15:07:00-04:00,2711.27,2711.28,2711.0,2711.28,323
2021-08-06 15:08:00-04:00,2711.19,2711.31,2711.19,2711.31,611
2021-08-06 15:10:00-04:00,2712.74,2712.74,2712.74,2712.74,148
2021-08-06 15:13:00-04:00,2715.02,2715.02,2715.02,2715.02,126
2021-08-06 15:15:00-04:00,2713.49,2713.49,2713.49,2713.49,175
2021-08-06 15:16:00-04:00,2713.44,2713.44,2713.44,2713.44,114
2021-08-06 15:19:00-04:00,2714.445,2714.445,2714.445,2714.445,152
2021-08-06 15:25:00-04:00,2713.89,2713.89,2713.89,2713.89,214
2021-08-06 15:26:00-04:00,2713.65,2713.87,2713.65,2713.87,410
2021-08-06 15:27:00-04:00,2713.83,2713.83,2713.81,2713.81,242
2021-08-06 15:28:00-04:00,2715.17,2715.17,2715.17,2715.17,209
2021-08-06 15:29:00-04:00,2714.89,2714.89,2714.89,2714.89,272
2021-08-06 15:32:00-04:00,2712.71,2712.76,2712.71,2712.76,517
2021-08-06 15:33:00-04:00,2712.73,2712.73,2712.73,2712.73,241
2021-08-06 15:34:00-04:00,2713.54,2713.54,2713.54,2713.54,200
2021-08-06 15:35:00-04:00,2714.0,2714.0,2714.0,2714.0,224
2021-08-06 15:38:00-04:00,2712.37,2712.37,2712.37,2712.37,141
2021-08-06 15:40:00-04:00,2712.085,2712.36,2712.0,2712.0,564
2021-08-06 15:41:00-04:00,2709.58,2709.58,2708.61,2708.61,541
2021-08-06 15:44:00-04:00,2709.69,2709.69,2709.69,2709.69,161
2021-08-06 15:45:00-04:00,2710.24,2710.24,2710.24,2710.24,222
2021-08-06 15:46:00-04:00,2709.77,2710.5,2709.61,2710.48,635
2021-08-06 15:47:00-04:00,2710.58,2711.53,2710.58,2711.5,1203
2021-08-06 15:48:00-04:00,2711.66,2711.66,2710.65,2710.66,578
2021-08-06 15:49:00-04:00,2711.155,2711.155,2710.66,2710.66,309
2021-08-06 15:50:00-04:00,2711.39,2711.39,2710.36,2710.715,438
2021-08-06 15:51:00-04:00,2710.83,2711.57,2710.83,2711.57,663
2021-08-06 15:52:00-04:00,2712.7,2713.57,2712.7,2713.57,494
2021-08-06 15:53:00-04:00,2713.76,2713.76,2713.65,2713.65,539
2021-08-06 15:54:00-04:00,2712.46,2715.1,2712.46,2715.1,1382
2021-08-06 15:55:00-04:00,2715.555,2715.78,2715.01,2715.72,603
2021-08-06 15:56:00-04:00,2715.5,2715.77,2715.415,2715.77,728
2021-08-06 15:57:00-04:00,2716.0,2716.0,2715.34,2715.34,837
2021-08-06 15:58:00-04:00,2715.56,2715.56,2714.52,2714.52,1603
2021-08-09 09:34:00-04:00,2712.66,2712.66,2712.66,2712.66,133
2021-08-09 09:35:00-04:00,2709.18,2709.655,2709.18,2709.655,361
2021-08-09 09:36:00-04:00,2709.29,2709.63,2708.805,2708.805,333
2021-08-09 09:37:00-04:00,2707.64,2707.84,2707.64,2707.84,252
2021-08-09 09:38:00-04:00,2707.575,2708.87,2707.575,2708.87,453
2021-08-09 09:39:00-04:00,2707.735,2707.735,2707.735,2707.735,122
2021-08-09 09:40:00-04:00,2707.83,2709.15,2707.83,2709.15,405
2021-08-09 09:41:00-04:00,2709.195,2710.87,2709.19,2710.87,318
2021-08-09 09:53:00-04:00,2719.14,2719.14,2719.14,2719.14,111
2021-08-09 09:56:00-04:00,2718.21,2718.21,2718.21,2718.21,149
2021-08-09 09:57:00-04:00,2715.14,2715.14,2715.14,2715.14,104
2021-08-09 10:00:00-04:00,2716.01,2716.01,2716.01,2716.01,101
2021-08-09 10:05:00-04:00,2711.24,2712.05,2711.24,2712.05,393
2021-08-09 10:24:00-04:00,2713.76,2713.76,2713.565,2713.565,234
2021-08-09 10:26:00-04:00,2715.83,2716.11,2715.83,2716.11,245
2021-08-09 10:28:00-04:00,2716.85,2716.85,2716.85,2716.85,212
2021-08-09 10:29:00-04:00,2717.405,2717.405,2717.405,2717.405,102
2021-08-09 10:30:00-04:00,2718.75,2718.75,2718.75,2718.75,234
2021-08-09 10:31:00-04:00,2718.16,2718.16,2718.16,2718.16,184
2021-08-09 10:32:00-04:00,2717.42,2717.42,2717.42,2717.42,102
2021-08-09 10:33:00-04:00,2719.225,2719.225,2719.225,2719.225,115
2021-08-09 10:34:00-04:00,2717.635,2717.635,2717.635,2717.635,133
2021-08-09 10:35:00-04:00,2716.105,2716.105,2716.105,2716.105,354
2021-08-09 10:36:00-04:00,2719.2,2719.2,2719.2,2719.2,200
2021-08-09 10:37:00-04:00,2719.23,2719.23,2719.23,2719.23,103
2021-08-09 10:38:00-04:00,2718.37,2718.37,2718.37,2718.37,100
2021-08-09 10:40:00-04:00,2719.495,2719.495,2719.42,2719.42,205
2021-08-09 10:43:00-04:00,2718.19,2718.24,2718.19,2718.24,201
2021-08-09 10:47:00-04:00,2718.44,2718.44,2718.44,2718.44,101
2021-08-09 10:52:00-04:00,2717.32,2717.32,2717.32,2717.32,111
2021-08-09 10:54:00-04:00,2717.45,2717.45,2717.45,2717.45,210
2021-08-09 10:55:00-04:00,2717.68,2717.68,2717.68,2717.68,109
2021-08-09 11:01:00-04:00,2714.84,2714.84,2714.84,2714.84,113
2021-08-09 11:06:00-04:00,2716.5,2716.5,2716.5,2716.5,110
2021-08-09 11:08:00-04:00,2717.065,2717.065,2717.065,2717.065,205
2021-08-09 11:09:00-04:00,2716.48,2716.48,2716.48,2716.48,279
2021-08-09 11:17:00-04:00,2717.63,2717.63,2717.63,2717.63,100
2021-08-09 11:20:00-04:00,2718.33,2718.33,2718.33,2718.33,122
2021-08-09 11:22:00-04:00,2718.67,2718.67,2718.67,2718.67,100
2021-08-09 11:27:00-04:00,2717.74,2717.74,2717.74,2717.74,125
2021-08-09 11:30:00-04:00,2719.22,2719.22,2719.22,2719.22,147
2021-08-09 11:31:00-04:00,2719.15,2719.31,2719.15,2719.255,433
2021-08-09 11:32:00-04:00,2721.0,2721.0,2721.0,2721.0,104
2021-08-09 11:33:00-04:00,2720.85,2720.85,2720.85,2720.85,119
2021-08-09 11:37:00-04:00,2721.11,2721.21,2721.11,2721.21,333
2021-08-09 11:40:00-04:00,2720.0,2720.0,2720.0,2720.0,300
2021-08-09 11:42:00-04:00,2718.46,2718.78,2718.46,2718.78,418
2021-08-09 11:47:00-04:00,2717.17,2717.19,2717.17,2717.19,233
2021-08-09 11:48:00-04:00,2717.49,2718.02,2717.49,2718.02,295
2021-08-09 11:50:00-04:00,2717.38,2717.38,2717.38,2717.38,124
2021-08-09 12:01:00-04:00,2720.62,2720.62,2720.48,2720.48,387
2021-08-09 12:05:00-04:00,2720.41,2720.41,2720.41,2720.41,102
2021-08-09 12:11:00-04:00,2722.365,2722.365,2722.365,2722.365,180
2021-08-09 12:15:00-04:00,2720.68,2720.68,2720.68,2720.68,113
2021-08-09 12:18:00-04:00,2719.6,2719.89,2719.6,2719.89,743
2021-08-09 12:20:00-04:00,2720.78,2720.78,2720.78,2720.78,206
2021-08-09 12:21:00-04:00,2721.07,2721.07,2721.07,2721.07,136
2021-08-09 12:28:00-04:00,2720.7,2720.78,2720.7,2720.78,307
2021-08-09 12:29:00-04:00,2720.41,2720.41,2720.41,2720.41,100
2021-08-09 12:37:00-04:00,2722.34,2722.34,2722.34,2722.34,539
2021-08-09 12:43:00-04:00,2719.55,2719.55,2719.55,2719.55,107
2021-08-09 12:50:00-04:00,2720.88,2720.88,2720.88,2720.88,105
2021-08-09 13:00:00-04:00,2719.9,2719.9,2719.9,2719.9,100
2021-08-09 13:01:00-04:00,2719.775,2720.1,2719.775,2720.1,336
2021-08-09 13:05:00-04:00,2720.6,2720.6,2720.6,2720.6,173
2021-08-09 13:11:00-04:00,2721.19,2721.3,2721.19,2721.3,339
2021-08-09 13:14:00-04:00,2722.39,2722.4,2722.39,2722.4,618
2021-08-09 13:17:00-04:00,2724.425,2724.425,2724.4,2724.4,810
2021-08-09 13:19:00-04:00,2722.09,2722.09,2722.09,2722.09,102
2021-08-09 13:37:00-04:00,2724.14,2724.14,2724.14,2724.14,186
2021-08-09 13:46:00-04:00,2724.83,2724.83,2724.83,2724.83,158
2021-08-09 13:48:00-04:00,2726.6,2726.6,2726.6,2726.6,151
2021-08-09 13:50:00-04:00,2728.1,2728.1,2728.1,2728.1,101
2021-08-09 13:52:00-04:00,2729.17,2729.3,2729.17,2729.3,400
2021-08-09 13:55:00-04:00,2731.86,2731.86,2731.86,2731.86,144
2021-08-09 13:57:00-04:00,2731.27,2731.27,2731.27,2731.27,100
2021-08-09 14:03:00-04:00,2732.59,2732.59,2732.59,2732.59,100
2021-08-09 14:06:00-04:00,2731.3,2731.3,2731.3,2731.3,167
2021-08-09 14:09:00-04:00,2732.785,2732.785,2732.785,2732.785,113
2021-08-09 14:20:00-04:00,2731.82,2731.82,2731.82,2731.82,243
2021-08-09 14:23:00-04:00,2734.73,2734.73,2734.73,2734.73,161
2021-08-09 14:26:00-04:00,2737.49,2737.58,2737.49,2737.58,259
2021-08-09 14:29:00-04:00,2743.16,2743.16,2742.06,2742.46,819
2021-08-09 14:31:00-04:00,2741.76,2741.76,2741.76,2741.76,138
2021-08-09 14:32:00-04:00,2742.2,2742.3,2742.2,2742.3,418
2021-08-09 14:37:00-04:00,2741.4,2741.4,2741.4,2741.4,102
2021-08-09 14:38:00-04:00,2739.94,2739.94,2739.06,2739.06,288
2021-08-09 14:40:00-04:00,2737.55,2737.55,2737.55,2737.55,155
2021-08-09 14:42:00-04:00,2737.26,2737.26,2737.26,2737.26,139
2021-08-09 14:47:00-04:00,2737.63,2737.66,2737.63,2737.66,300
2021-08-09 14:48:00-04:00,2737.665,2739.23,2737.665,2739.23,282
2021-08-09 14:51:00-04:00,2738.885,2738.885,2738.885,2738.885,100
2021-08-09 14:54:00-04:00,2739.98,2739.98,2739.98,2739.98,202
2021-08-09 14:57:00-04:00,2739.98,2742.91,2739.98,2742.91,484
2021-08-09 14:58:00-04:00,2742.57,2743.24,2742.53,2743.055,702
2021-08-09 14:59:00-04:00,2743.34,2743.34,2743.34,2743.34,217
2021-08-09 15:02:00-04:00,2741.6,2741.6,2741.6,2741.6,110
2021-08-09 15:11:00-04:00,2738.92,2739.04,2738.92,2739.04,448
2021-08-09 15:19:00-04:00,2739.205,2740.64,2739.205,2740.64,566
2021-08-09 15:21:00-04:00,2740.28,2740.28,2740.28,2740.28,200
2021-08-09 15:28:00-04:00,2740.8,2740.8,2740.72,2740.72,303
2021-08-09 15:31:00-04:00,2739.94,2739.94,2739.94,2739.94,124
2021-08-09 15:35:00-04:00,2741.39,2741.56,2741.39,2741.56,321
2021-08-09 15:36:00-04:00,2740.78,2740.78,2740.78,2740.78,107
2021-08-09 15:37:00-04:00,2739.57,2739.9,2739.52,2739.52,838
2021-08-09 15:38:00-04:00,2741.13,2741.13,2741.1,2741.1,245
2021-08-09 15:43:00-04:00,2740.91,2740.91,2740.88,2740.88,317
2021-08-09 15:44:00-04:00,2742.78,2742.78,2742.5,2742.5,895
2021-08-09 15:48:00-04:00,2739.7,2739.7,2739.7,2739.7,461
2021-08-09 15:49:00-04:00,2739.72,2739.72,2739.72,2739.72,400
2021-08-09 15:50:00-04:00,2739.815,2740.315,2739.815,2739.825,716
2021-08-09 15:51:00-04:00,2739.39,2739.39,2739.39,2739.39,233
2021-08-09 15:52:00-04:00,2739.445,2740.455,2739.445,2739.45,929
2021-08-09 15:53:00-04:00,2739.37,2739.37,2738.23,2738.39,1154
2021-08-09 15:54:00-04:00,2739.12,2739.98,2738.955,2739.89,1654
2021-08-09 15:55:00-04:00,2739.575,2739.93,2739.575,2739.86,1374
2021-08-09 15:56:00-04:00,2739.79,2739.88,2738.19,2738.41,1244
2021-08-09 15:57:00-04:00,2738.62,2739.23,2738.22,2739.11,2511
2021-08-09 15:58:00-04:00,2738.51,2739.055,2738.28,2739.055,1086
2021-08-09 15:59:00-04:00,2739.12,2739.765,2738.965,2738.965,1967
2021-08-10 09:30:00-04:00,2743.24,2743.24,2743.24,2743.24,241
2021-08-10 09:31:00-04:00,2745.64,2748.78,2745.64,2748.78,406
2021-08-10 09:32:00-04:00,2746.59,2746.59,2746.59,2746.59,102
2021-08-10 09:33:00-04:00,2748.14,2748.38,2748.14,2748.38,210
2021-08-10 09:35:00-04:00,2746.8,2746.93,2746.8,2746.93,251
2021-08-10 09:39:00-04:00,2746.84,2746.84,2746.84,2746.84,144
2021-08-10 09:40:00-04:00,2747.38,2747.72,2747.2,2747.72,481
2021-08-10 09:47:00-04:00,2750.71,2750.71,2750.71,2750.71,140
2021-08-10 09:49:00-04:00,2753.345,2753.345,2753.345,2753.345,140
2021-08-10 09:50:00-04:00,2752.91,2752.91,2752.91,2752.91,233
2021-08-10 09:57:00-04:00,2748.87,2748.87,2747.87,2747.87,206
2021-08-10 09:58:00-04:00,2749.99,2749.99,2749.99,2749.99,299
2021-08-10 09:59:00-04:00,2750.8,2750.8,2750.8,2750.8,239
2021-08-10 10:00:00-04:00,2754.02,2754.57,2754.01,2754.45,726
2021-08-10 10:05:00-04:00,2745.17,2745.23,2745.17,2745.23,315
2021-08-10 10:06:00-04:00,2744.655,2748.46,2744.655,2748.46,1454
2021-08-10 10:07:00-04:00,2747.955,2749.71,2747.955,2749.71,231
2021-08-10 10:08:00-04:00,2750.48,2751.39,2750.455,2751.39,507
2021-08-10 10:10:00-04:00,2748.79,2748.79,2748.79,2748.79,127
2021-08-10 10:14:00-04:00,2750.91,2751.26,2749.75,2749.75,729
2021-08-10 10:15:00-04:00,2747.01,2748.07,2747.01,2748.07,305
2021-08-10 10:16:00-04:00,2747.27,2747.27,2745.575,2745.575,502
2021-08-10 10:18:00-04:00,2743.26,2743.26,2743.26,2743.26,101
2021-08-10 10:20:00-04:00,2744.79,2745.36,2744.79,2745.2,1223
2021-08-10 10:22:00-04:00,2746.75,2746.75,2746.75,2746.75,267
2021-08-10 10:28:00-04:00,2745.17,2745.17,2745.12,2745.12,638
2021-08-10 10:30:00-04:00,2736.42,2736.42,2736.42,2736.42,495
2021-08-10 10:34:00-04:00,2732.54,2733.57,2732.54,2733.57,203
2021-08-10 10:35:00-04:00,2732.74,2734.06,2732.74,2734.06,452
2021-08-10 10:40:00-04:00,2735.45,2735.45,2734.98,2734.98,848
2021-08-10 10:42:00-04:00,2729.015,2729.015,2729.015,2729.015,228
2021-08-10 10:43:00-04:00,2731.01,2731.11,2731.01,2731.11,211
2021-08-10 10:46:00-04:00,2734.85,2734.85,2734.85,2734.85,133
2021-08-10 10:49:00-04:00,2736.005,2736.005,2736.005,2736.005,440
2021-08-10 10:56:00-04:00,2733.95,2733.95,2733.775,2733.775,447
2021-08-10 10:57:00-04:00,2734.16,2734.16,2734.16,2734.16,108
2021-08-10 10:58:00-04:00,2736.04,2736.04,2736.04,2736.04,206
2021-08-10 10:59:00-04:00,2735.75,2735.75,2735.6,2735.6,362
2021-08-10 11:00:00-04:00,2735.1,2735.1,2735.1,2735.1,111
2021-08-10 11:04:00-04:00,2734.94,2734.94,2734.94,2734.94,100
2021-08-10 11:05:00-04:00,2735.72,2735.72,2735.72,2735.72,202
2021-08-10 11:06:00-04:00,2734.93,2734.93,2734.93,2734.93,104
2021-08-10 11:15:00-04:00,2728.82,2728.82,2728.82,2728.82,392
2021-08-10 11:24:00-04:00,2734.2,2734.2,2733.55,2733.55,251
2021-08-10 11:25:00-04:00,2733.375,2733.375,2733.375,2733.375,410
2021-08-10 11:30:00-04:00,2731.66,2731.67,2731.66,2731.67,238
2021-08-10 11:34:00-04:00,2733.22,2733.67,2733.22,2733.67,471
2021-08-10 11:35:00-04:00,2734.055,2734.055,2734.05,2734.05,203
2021-08-10 11:36:00-04:00,2733.11,2733.11,2733.11,2733.11,189
2021-08-10 11:51:00-04:00,2737.74,2737.74,2737.74,2737.74,116
2021-08-10 11:54:00-04:00,2734.69,2734.69,2734.07,2734.07,207
2021-08-10 12:02:00-04:00,2738.67,2740.85,2738.67,2740.85,420
2021-08-10 12:03:00-04:00,2740.94,2740.94,2740.94,2740.94,152
2021-08-10 12:05:00-04:00,2739.92,2740.465,2739.68,2740.465,588
2021-08-10 12:10:00-04:00,2738.09,2738.09,2738.09,2738.09,103
2021-08-10 12:19:00-04:00,2740.785,2740.785,2740.785,2740.785,118
2021-08-10 12:20:00-04:00,2741.29,2741.42,2741.29,2741.42,209
2021-08-10 12:21:00-04:00,2741.44,2741.44,2741.44,2741.44,103
2021-08-10 12:29:00-04:00,2742.66,2742.66,2742.66,2742.66,113
2021-08-10 12:37:00-04:00,2743.84,2743.84,2743.84,2743.84,107
2021-08-10 12:42:00-04:00,2744.23,2744.23,2744.23,2744.23,149
2021-08-10 12:45:00-04:00,2744.23,2744.23,2744.23,2744.23,144
2021-08-10 12:47:00-04:00,2743.69,2743.69,2743.69,2743.69,178
2021-08-10 12:52:00-04:00,2744.02,2744.02,2744.02,2744.02,108
2021-08-10 13:08:00-04:00,2743.6,2743.6,2743.6,2743.6,165
2021-08-10 13:13:00-04:00,2744.84,2744.84,2744.76,2744.76,597
2021-08-10 13:22:00-04:00,2743.71,2743.71,2743.71,2743.71,126
2021-08-10 13:23:00-04:00,2743.32,2743.32,2743.32,2743.32,106
2021-08-10 13:25:00-04:00,2742.86,2742.86,2742.86,2742.86,182
2021-08-10 13:26:00-04:00,2742.62,2742.62,2742.62,2742.62,162
2021-08-10 13:44:00-04:00,2744.43,2744.43,2744.34,2744.34,545
2021-08-10 13:45:00-04:00,2744.22,2744.22,2744.22,2744.22,291
2021-08-10 13:49:00-04:00,2743.09,2743.09,2743.09,2743.09,101
2021-08-10 13:54:00-04:00,2744.59,2744.59,2744.59,2744.59,214
2021-08-10 13:55:00-04:00,2744.54,2744.54,2744.54,2744.54,459
2021-08-10 14:03:00-04:00,2743.58,2743.58,2743.58,2743.58,192
2021-08-10 14:05:00-04:00,2739.97,2739.97,2739.97,2739.97,210
2021-08-10 14:06:00-04:00,2740.4,2740.4,2740.4,2740.4,100
2021-08-10 14:10:00-04:00,2738.12,2738.12,2738.12,2738.12,237
2021-08-10 14:23:00-04:00,2739.08,2739.08,2739.08,2739.08,209
2021-08-10 14:53:00-04:00,2736.76,2736.76,2736.76,2736.76,106
2021-08-10 15:00:00-04:00,2740.04,2740.04,2740.04,2740.04,241
2021-08-10 15:06:00-04:00,2737.47,2737.47,2737.47,2737.47,102
2021-08-10 15:10:00-04:00,2734.635,2734.635,2734.635,2734.635,156
2021-08-10 15:14:00-04:00,2734.42,2734.82,2734.42,2734.82,203
2021-08-10 15:15:00-04:00,2734.85,2734.85,2734.85,2734.85,104
2021-08-10 15:17:00-04:00,2733.54,2733.54,2733.54,2733.54,106
2021-08-10 15:20:00-04:00,2733.105,2733.105,2733.105,2733.105,124
2021-08-10 15:21:00-04:00,2730.835,2730.835,2730.835,2730.835,186
2021-08-10 15:27:00-04:00,2734.4,2734.4,2734.4,2734.4,217
2021-08-10 15:30:00-04:00,2733.16,2733.16,2733.16,2733.16,155
2021-08-10 15:33:00-04:00,2733.37,2733.37,2733.33,2733.33,241
2021-08-10 15:35:00-04:00,2733.41,2733.41,2733.41,2733.41,102
2021-08-10 15:36:00-04:00,2733.12,2733.12,2733.12,2733.12,204
2021-08-10 15:42:00-04:00,2730.495,2730.495,2730.495,2730.495,507
2021-08-10 15:43:00-04:00,2731.56,2731.56,2731.56,2731.56,215
2021-08-10 15:48:00-04:00,2729.845,2730.12,2729.845,2730.12,511
2021-08-10 15:49:00-04:00,2730.23,2730.23,2730.23,2730.23,335
2021-08-10 15:50:00-04:00,2731.2,2731.2,2731.2,2731.2,626
2021-08-10 15:52:00-04:00,2731.5,2731.98,2731.5,2731.98,409
2021-08-10 15:53:00-04:00,2731.69,2731.69,2730.51,2730.51,623
2021-08-10 15:54:00-04:00,2732.0,2732.44,2731.33,2732.44,1267
2021-08-10 15:55:00-04:00,2731.96,2732.76,2731.96,2732.76,1071
2021-08-10 15:56:00-04:00,2734.78,2734.78,2734.78,2734.78,339
2021-08-10 15:57:00-04:00,2733.94,2735.07,2733.94,2735.07,966
2021-08-10 15:58:00-04:00,2734.58,2735.22,2734.58,2734.64,507
2021-08-10 15:59:00-04:00,2737.18,2737.18,2736.03,2736.03,810
2021-08-11 09:31:00-04:00,2750.0,2750.0,2750.0,2750.0,156
2021-08-11 09:32:00-04:00,2746.87,2747.74,2746.205,2747.74,707
2021-08-11 09:33:00-04:00,2750.64,2751.58,2749.99,2751.58,936
2021-08-11 09:34:00-04:00,2751.42,2752.86,2751.42,2752.86,424
2021-08-11 09:37:00-04:00,2747.12,2747.12,2747.12,2747.12,259
2021-08-11 09:41:00-04:00,2742.61,2742.61,2742.61,2742.61,286
2021-08-11 09:45:00-04:00,2740.94,2740.94,2740.94,2740.94,181
2021-08-11 09:50:00-04:00,2742.18,2742.18,2742.18,2742.18,117
2021-08-11 09:51:00-04:00,2740.81,2743.11,2740.81,2743.11,346
2021-08-11 09:54:00-04:00,2742.73,2743.14,2742.57,2743.14,354
2021-08-11 09:58:00-04:00,2739.06,2739.06,2738.86,2738.86,357
2021-08-11 09:59:00-04:00,2733.73,2733.73,2733.73,2733.73,771
2021-08-11 10:05:00-04:00,2740.01,2740.01,2740.01,2740.01,161
2021-08-11 10:11:00-04:00,2736.09,2736.09,2736.09,2736.09,204
2021-08-11 10:16:00-04:00,2733.16,2733.16,2733.16,2733.16,196
2021-08-11 10:30:00-04:00,2736.2,2736.2,2736.2,2736.2,228
2021-08-11 10:31:00-04:00,2736.34,2736.34,2735.93,2735.93,940
2021-08-11 10:38:00-04:00,2735.25,2735.25,2735.18,2735.18,338
2021-08-11 10:43:00-04:00,2736.96,2736.96,2736.96,2736.96,108
2021-08-11 10:44:00-04:00,2737.05,2737.05,2737.05,2737.05,183
2021-08-11 11:03:00-04:00,2729.03,2729.03,2729.03,2729.03,203
2021-08-11 11:16:00-04:00,2730.96,2730.96,2730.96,2730.96,619
2021-08-11 11:20:00-04:00,2731.32,2731.32,2731.31,2731.31,225
2021-08-11 11:28:00-04:00,2732.715,2734.55,2732.715,2733.96,944
2021-08-11 11:29:00-04:00,2732.65,2732.65,2732.65,2732.65,103
2021-08-11 11:30:00-04:00,2731.89,2732.67,2731.89,2732.2,911
2021-08-11 11:34:00-04:00,2732.845,2732.845,2732.845,2732.845,196
2021-08-11 11:38:00-04:00,2732.11,2732.11,2732.025,2732.025,504
2021-08-11 11:39:00-04:00,2732.73,2732.73,2732.73,2732.73,231
2021-08-11 11:52:00-04:00,2730.38,2730.38,2730.38,2730.38,564
2021-08-11 11:53:00-04:00,2729.635,2729.635,2729.635,2729.635,231
2021-08-11 12:00:00-04:00,2725.985,2725.985,2725.985,2725.985,365
2021-08-11 12:01:00-04:00,2729.17,2729.17,2728.94,2728.95,511
2021-08-11 12:02:00-04:00,2728.87,2728.87,2728.87,2728.87,126
2021-08-11 12:09:00-04:00,2732.555,2732.555,2732.3,2732.3,495
2021-08-11 12:12:00-04:00,2730.94,2730.94,2730.94,2730.94,113
2021-08-11 12:15:00-04:00,2729.7,2729.7,2729.65,2729.65,201
2021-08-11 12:19:00-04:00,2726.56,2726.98,2726.56,2726.98,211
2021-08-11 12:50:00-04:00,2737.02,2737.02,2736.97,2736.97,448
2021-08-11 12:51:00-04:00,2736.885,2736.885,2736.56,2736.56,718
2021-08-11 12:59:00-04:00,2736.53,2736.53,2736.53,2736.53,284
2021-08-11 13:12:00-04:00,2738.6,2738.6,2738.6,2738.6,432
2021-08-11 13:19:00-04:00,2733.965,2733.965,2733.965,2733.965,388
2021-08-11 13:22:00-04:00,2732.74,2732.74,2732.74,2732.74,111
2021-08-11 13:32:00-04:00,2735.47,2735.47,2735.47,2735.47,125
2021-08-11 13:35:00-04:00,2733.045,2733.045,2733.045,2733.045,106
2021-08-11 13:54:00-04:00,2730.75,2730.75,2730.75,2730.75,112
2021-08-11 14:00:00-04:00,2728.19,2728.19,2728.19,2728.19,118
2021-08-11 14:09:00-04:00,2734.38,2734.38,2734.38,2734.38,150
2021-08-11 14:21:00-04:00,2730.37,2730.37,2730.37,2730.37,149
2021-08-11 14:26:00-04:00,2728.915,2728.915,2728.915,2728.915,108
2021-08-11 14:27:00-04:00,2729.77,2729.77,2729.77,2729.77,108
2021-08-11 14:29:00-04:00,2730.28,2730.28,2730.28,2730.28,110
2021-08-11 14:40:00-04:00,2732.39,2732.39,2732.39,2732.39,106
2021-08-11 14:42:00-04:00,2732.67,2732.67,2732.67,2732.67,105
2021-08-11 15:10:00-04:00,2728.91,2728.91,2728.77,2728.77,220
2021-08-11 15:11:00-04:00,2728.15,2728.15,2727.45,2727.45,1012
2021-08-11 15:12:00-04:00,2726.445,2726.445,2726.445,2726.445,160
2021-08-11 15:15:00-04:00,2726.39,2726.39,2726.39,2726.39,262
2021-08-11 15:16:00-04:00,2726.23,2726.23,2726.14,2726.2,475
2021-08-11 15:23:00-04:00,2729.11,2729.11,2729.11,2729.11,243
2021-08-11 15:34:00-04:00,2730.565,2730.78,2730.565,2730.78,357
2021-08-11 15:38:00-04:00,2728.2,2728.2,2728.2,2728.2,224
2021-08-11 15:39:00-04:00,2728.91,2728.91,2728.91,2728.91,298
2021-08-11 15:41:00-04:00,2730.06,2730.06,2730.06,2730.06,194
2021-08-11 15:42:00-04:00,2729.78,2729.78,2729.78,2729.78,132
2021-08-11 15:45:00-04:00,2729.385,2729.385,2729.385,2729.385,180
2021-08-11 15:47:00-04:00,2732.81,2732.81,2732.81,2732.81,141
2021-08-11 15:48:00-04:00,2732.58,2732.8,2732.405,2732.8,1068
2021-08-11 15:49:00-04:00,2731.6,2731.6,2731.6,2731.6,234
2021-08-11 15:52:00-04:00,2731.33,2731.33,2730.75,2730.75,313
2021-08-11 15:53:00-04:00,2728.03,2728.42,2728.03,2728.42,760
2021-08-11 15:54:00-04:00,2726.75,2726.75,2726.75,2726.75,841
2021-08-11 15:55:00-04:00,2726.305,2727.77,2726.305,2727.77,738
2021-08-11 15:56:00-04:00,2727.99,2727.99,2727.99,2727.99,437
2021-08-11 15:57:00-04:00,2728.005,2728.005,2727.99,2727.99,554
2021-08-11 15:58:00-04:00,2727.57,2728.08,2727.57,2727.815,1041
2021-08-11 15:59:00-04:00,2726.12,2726.12,2725.48,2725.48,482
2021-08-12 09:30:00-04:00,2722.06,2723.71,2715.535,2717.54,2782
2021-08-12 09:31:00-04:00,2722.305,2722.305,2720.72,2720.72,556
2021-08-12 09:32:00-04:00,2720.905,2720.905,2720.855,2720.855,800
2021-08-12 09:33:00-04:00,2721.92,2721.92,2721.28,2721.28,384
2021-08-12 09:34:00-04:00,2719.565,2720.02,2719.565,2719.995,1042
2021-08-12 09:35:00-04:00,2719.555,2719.555,2719.555,2719.555,262
2021-08-12 09:36:00-04:00,2719.575,2719.575,2716.01,2716.61,1101
2021-08-12 09:37:00-04:00,2715.395,2715.395,2715.395,2715.395,267
2021-08-12 09:38:00-04:00,2717.185,2717.185,2716.225,2716.225,965
2021-08-12 09:39:00-04:00,2716.365,2716.365,2716.365,2716.365,113
2021-08-12 09:41:00-04:00,2713.59,2713.59,2713.47,2713.47,712
2021-08-12 09:43:00-04:00,2714.39,2714.39,2713.525,2713.525,334
2021-08-12 09:45:00-04:00,2710.86,2711.55,2709.015,2711.015,1280
2021-08-12 09:47:00-04:00,2715.845,2715.845,2715.8,2715.8,482
2021-08-12 09:49:00-04:00,2716.99,2716.99,2715.995,2716.41,466
2021-08-12 09:50:00-04:00,2715.42,2715.42,2714.735,2714.735,272
2021-08-12 09:51:00-04:00,2714.885,2715.49,2714.745,2715.49,572
2021-08-12 09:52:00-04:00,2715.69,2715.69,2715.69,2715.69,234
2021-08-12 09:53:00-04:00,2715.33,2715.33,2711.78,2711.78,1042
2021-08-12 09:54:00-04:00,2711.925,2711.925,2711.595,2711.595,272
2021-08-12 09:55:00-04:00,2714.005,2716.09,2714.005,2715.77,506
2021-08-12 09:57:00-04:00,2715.515,2715.515,2714.87,2714.87,646
2021-08-12 10:00:00-04:00,2718.825,2718.825,2718.825,2718.825,157
2021-08-12 10:01:00-04:00,2720.36,2720.36,2720.36,2720.36,245
2021-08-12 10:04:00-04:00,2716.4,2716.4,2716.4,2716.4,177
2021-08-12 10:09:00-04:00,2715.59,2715.99,2715.59,2715.99,438
2021-08-12 10:11:00-04:00,2718.92,2719.485,2718.92,2719.485,491
2021-08-12 10:18:00-04:00,2726.23,2726.23,2726.23,2726.23,270
2021-08-12 10:20:00-04:00,2733.19,2734.055,2732.955,2733.025,937
2021-08-12 10:24:00-04:00,2730.55,2730.55,2730.55,2730.55,100
2021-08-12 10:28:00-04:00,2731.29,2731.29,2731.29,2731.29,107
2021-08-12 10:34:00-04:00,2732.5,2732.5,2732.15,2732.15,796
2021-08-12 10:36:00-04:00,2732.875,2732.875,2732.875,2732.875,284
2021-08-12 10:37:00-04:00,2732.43,2732.43,2732.185,2732.185,200
2021-08-12 10:38:00-04:00,2732.185,2732.185,2732.185,2732.185,205
2021-08-12 10:39:00-04:00,2731.84,2731.84,2731.84,2731.84,124
2021-08-12 10:40:00-04:00,2732.195,2732.195,2732.05,2732.05,304
2021-08-12 10:41:00-04:00,2731.59,2731.59,2731.59,2731.59,200
2021-08-12 10:43:00-04:00,2730.45,2730.45,2730.45,2730.45,123
2021-08-12 10:44:00-04:00,2728.67,2728.67,2728.67,2728.67,115
2021-08-12 10:45:00-04:00,2729.92,2730.915,2729.92,2730.915,323
2021-08-12 10:47:00-04:00,2731.3,2731.3,2731.3,2731.3,268
2021-08-12 10:48:00-04:00,2732.23,2732.23,2732.23,2732.23,301
2021-08-12 10:50:00-04:00,2733.905,2733.905,2733.905,2733.905,222
2021-08-12 10:58:00-04:00,2732.95,2732.95,2732.95,2732.95,160
2021-08-12 10:59:00-04:00,2734.27,2734.27,2734.27,2734.27,100
2021-08-12 11:01:00-04:00,2732.2,2732.2,2732.2,2732.2,177
2021-08-12 11:08:00-04:00,2729.65,2729.65,2729.65,2729.65,197
2021-08-12 11:09:00-04:00,2729.585,2729.76,2729.585,2729.76,200
2021-08-12 11:10:00-04:00,2729.62,2730.26,2729.62,2730.26,516
2021-08-12 11:16:00-04:00,2728.72,2728.9,2728.72,2728.9,230
2021-08-12 11:17:00-04:00,2729.3,2729.3,2729.3,2729.3,100
2021-08-12 11:18:00-04:00,2727.7,2727.84,2727.7,2727.84,338
2021-08-12 11:22:00-04:00,2727.755,2727.755,2727.755,2727.755,101
2021-08-12 11:23:00-04:00,2727.16,2727.16,2727.16,2727.16,148
2021-08-12 11:28:00-04:00,2728.13,2728.13,2728.13,2728.13,101
2021-08-12 11:30:00-04:00,2727.75,2727.75,2727.75,2727.75,252
2021-08-12 11:34:00-04:00,2733.47,2733.91,2733.47,2733.91,405
2021-08-12 11:48:00-04:00,2734.76,2734.76,2734.76,2734.76,105
2021-08-12 11:55:00-04:00,2736.26,2736.27,2736.26,2736.27,229
2021-08-12 11:59:00-04:00,2734.55,2734.55,2734.55,2734.55,109
2021-08-12 12:23:00-04:00,2736.69,2736.69,2736.69,2736.69,133
2021-08-12 12:36:00-04:00,2738.36,2738.38,2738.36,2738.38,1324
2021-08-12 12:42:00-04:00,2737.31,2737.31,2737.31,2737.31,293
2021-08-12 12:43:00-04:00,2736.92,2736.92,2736.92,2736.92,111
2021-08-12 12:47:00-04:00,2738.595,2738.595,2738.595,2738.595,301
2021-08-12 12:48:00-04:00,2739.07,2739.07,2739.07,2739.07,105
2021-08-12 12:50:00-04:00,2740.99,2740.99,2740.99,2740.99,145
2021-08-12 13:00:00-04:00,2737.875,2737.875,2737.16,2737.16,742
2021-08-12 13:01:00-04:00,2738.42,2738.42,2738.34,2738.34,243
2021-08-12 13:07:00-04:00,2736.62,2736.62,2736.62,2736.62,400
2021-08-12 13:10:00-04:00,2738.29,2738.29,2738.29,2738.29,101
2021-08-12 13:18:00-04:00,2734.05,2734.05,2733.795,2733.795,951
2021-08-12 13:20:00-04:00,2735.42,2735.42,2735.42,2735.42,100
2021-08-12 13:22:00-04:00,2735.715,2735.715,2735.715,2735.715,132
2021-08-12 13:37:00-04:00,2739.285,2739.285,2739.285,2739.285,104
2021-08-12 13:40:00-04:00,2738.37,2738.37,2738.33,2738.33,219
2021-08-12 13:41:00-04:00,2738.665,2738.665,2738.665,2738.665,202
2021-08-12 13:42:00-04:00,2737.875,2737.875,2737.875,2737.875,114
2021-08-12 13:57:00-04:00,2738.58,2738.58,2738.225,2738.505,805
2021-08-12 14:11:00-04:00,2738.39,2738.39,2738.39,2738.39,100
2021-08-12 14:28:00-04:00,2739.32,2739.32,2739.32,2739.32,100
2021-08-12 14:32:00-04:00,2739.305,2739.305,2739.305,2739.305,100
2021-08-12 14:33:00-04:00,2739.545,2739.545,2739.545,2739.545,134
2021-08-12 14:36:00-04:00,2740.08,2740.08,2740.08,2740.08,201
2021-08-12 14:38:00-04:00,2739.7,2739.7,2739.7,2739.7,206
2021-08-12 14:39:00-04:00,2739.725,2739.725,2739.725,2739.725,601
2021-08-12 14:51:00-04:00,2741.315,2741.315,2741.315,2741.315,236
2021-08-12 14:52:00-04:00,2741.97,2741.97,2741.63,2741.63,242
2021-08-12 14:54:00-04:00,2740.9,2740.97,2740.9,2740.96,457
2021-08-12 15:03:00-04:00,2742.16,2742.16,2742.16,2742.16,209
2021-08-12 15:17:00-04:00,2741.17,2741.17,2741.17,2741.17,143
2021-08-12 15:22:00-04:00,2741.545,2741.545,2741.545,2741.545,106
2021-08-12 15:24:00-04:00,2741.33,2741.33,2741.17,2741.17,405
2021-08-12 15:39:00-04:00,2742.665,2742.875,2742.46,2742.46,638
2021-08-12 15:40:00-04:00,2742.37,2742.37,2741.76,2741.76,253
2021-08-12 15:43:00-04:00,2740.39,2740.39,2740.39,2740.39,128
2021-08-12 15:45:00-04:00,2739.68,2739.68,2739.68,2739.68,149
2021-08-12 15:46:00-04:00,2738.37,2738.37,2738.28,2738.28,568
2021-08-12 15:47:00-04:00,2738.23,2738.23,2738.23,2738.23,322
2021-08-12 15:48:00-04:00,2739.685,2739.685,2739.685,2739.685,109
2021-08-12 15:50:00-04:00,2738.33,2739.84,2738.33,2739.84,631
2021-08-12 15:53:00-04:00,2743.74,2743.83,2743.74,2743.83,438
2021-08-12 15:54:00-04:00,2742.42,2742.42,2742.42,2742.42,356
2021-08-12 15:55:00-04:00,2744.41,2744.41,2743.57,2743.57,403
2021-08-12 15:56:00-04:00,2745.42,2745.42,2745.27,2745.27,566
2021-08-12 15:57:00-04:00,2744.69,2744.69,2744.69,2744.69,286
2021-08-12 15:58:00-04:00,2744.96,2744.96,2744.68,2744.68,459
2021-08-12 15:59:00-04:00,2744.17,2744.17,2744.02,2744.02,514
